"0","n","v","c","f","a","e","y","g","m","s","r","w","b"
0,0,0,0,0,1,0,0,0,0,0,0,0,0
0,0,0,0,0,1,0,0,0,0,0,0,0,0
0,0,0,0,1,0,0,0,0,0,0,0,0,0
0,0,0,0,1,0,0,0,0,0,0,0,0,0
0,0,0,0,0,1,0,0,0,0,0,0,0,0
0,1,0,0,0,0,0,0,0,0,0,0,0,0
0,0,0,0,0,1,0,0,0,0,0,0,0,0
0,1,0,0,0,0,0,0,0,0,0,0,0,0
0,0,0,0,1,0,0,0,0,0,0,0,0,0
0,0,0,0,0,1,0,0,0,0,0,0,0,0
0,0,0,0,0,0,1,0,0,0,0,0,0,0
0,0,0,0,0,0,1,0,0,0,0,0,0,0
0,0,0,0,0,0,0,0,0,0,0,1,0,0
0,0,0,0,0,0,0,0,1,0,0,0,0,0
0,0,0,0,0,0,0,1,0,0,0,0,0,0
0,0,0,0,0,0,0,1,0,0,0,0,0,0
0,0,0,0,0,0,1,0,0,0,0,0,0,0
0,0,0,0,0,0,0,0,0,0,0,0,0,1
0,0,0,0,0,0,1,0,0,0,0,0,0,0
0,0,0,0,0,0,1,0,0,0,0,0,0,0
0,0,0,0,0,0,1,0,0,0,0,0,0,0
0,0,0,0,0,0,1,0,0,0,0,0,0,0
0,0,0,0,0,0,1,0,0,0,0,0,0,0
0,0,0,0,0,0,1,0,0,0,0,0,0,0
0,0,0,0,0,0,1,0,0,0,0,0,0,0
0,0,0,0,0,0,1,0,0,0,0,0,0,0
0,0,0,0,0,0,1,0,0,0,0,0,0,0
0,0,0,0,0,0,1,0,0,0,0,0,0,0
0,0,0,0,0,0,1,0,0,0,0,0,0,0
0,0,0,0,1,0,0,0,0,0,0,0,0,0
0,0,0,0,1,0,0,0,0,0,0,0,0,0
0,0,0,0,0,1,0,0,0,0,0,0,0,0
0,0,0,0,1,0,0,0,0,0,0,0,0,0
0,0,0,0,0,1,0,0,0,0,0,0,0,0
0,0,0,0,0,1,0,0,0,0,0,0,0,0
0,0,0,0,0,1,0,0,0,0,0,0,0,0
0,0,0,0,0,0,1,0,0,0,0,0,0,0
0,0,0,0,0,1,0,0,0,0,0,0,0,0
0,0,0,0,0,0,1,0,0,0,0,0,0,0
0,0,0,0,0,0,1,0,0,0,0,0,0,0
0,0,0,0,0,0,1,0,0,0,0,0,0,0
0,0,0,0,0,0,1,0,0,0,0,0,0,0
0,0,0,0,0,0,1,0,0,0,0,0,0,0
0,0,0,0,0,0,1,0,0,0,0,0,0,0
0,0,0,0,0,0,1,0,0,0,0,0,0,0
0,0,0,0,0,0,1,0,0,0,0,0,0,0
0,0,0,0,0,1,0,0,0,0,0,0,0,0
0,0,0,0,1,0,0,0,0,0,0,0,0,0
0,0,0,0,1,0,0,0,0,0,0,0,0,0
0,0,0,0,1,0,0,0,0,0,0,0,0,0
0,0,0,0,0,0,1,0,0,0,0,0,0,0
0,0,0,0,0,0,1,0,0,0,0,0,0,0
0,0,0,0,0,0,1,0,0,0,0,0,0,0
0,0,0,0,0,1,0,0,0,0,0,0,0,0
0,0,0,0,0,1,0,0,0,0,0,0,0,0
0,0,0,0,0,1,0,0,0,0,0,0,0,0
0,0,0,0,0,1,0,0,0,0,0,0,0,0
0,0,0,0,0,0,0,0,0,0,0,0,1,0
0,0,0,0,0,0,0,0,1,0,0,0,0,0
0,0,0,0,0,0,0,1,0,0,0,0,0,0
0,0,0,0,0,0,0,1,0,0,0,0,0,0
0,0,0,0,0,0,1,0,0,0,0,0,0,0
0,0,0,0,0,0,1,0,0,0,0,0,0,0
0,0,0,0,0,0,1,0,0,0,0,0,0,0
0,0,0,0,0,0,1,0,0,0,0,0,0,0
0,0,0,0,0,0,1,0,0,0,0,0,0,0
0,0,0,0,0,0,1,0,0,0,0,0,0,0
0,0,0,0,0,0,1,0,0,0,0,0,0,0
0,0,0,0,0,0,1,0,0,0,0,0,0,0
0,0,0,0,0,0,1,0,0,0,0,0,0,0
0,0,0,0,0,0,0,0,0,1,0,0,0,0
0,0,0,0,0,0,0,0,0,0,1,0,0,0
0,0,0,0,0,1,0,0,0,0,0,0,0,0
0,0,0,0,0,0,1,0,0,0,0,0,0,0
0,0,0,0,0,0,0,0,0,0,0,0,1,0
0,0,0,0,0,0,1,0,0,0,0,0,0,0
0,0,0,0,0,0,0,1,0,0,0,0,0,0
0,0,0,0,0,0,0,1,0,0,0,0,0,0
0,0,0,0,0,0,0,1,0,0,0,0,0,0
0,0,0,0,0,1,0,0,0,0,0,0,0,0
0,0,0,0,0,0,1,0,0,0,0,0,0,0
0,0,0,0,0,0,1,0,0,0,0,0,0,0
0,0,0,0,0,0,1,0,0,0,0,0,0,0
0,0,0,0,0,0,0,0,0,0,0,1,0,0
0,0,0,0,0,0,0,0,0,0,1,0,0,0
0,0,0,0,1,0,0,0,0,0,0,0,0,0
0,0,0,0,1,0,0,0,0,0,0,0,0,0
0,0,0,0,0,0,1,0,0,0,0,0,0,0
0,0,0,0,0,0,1,0,0,0,0,0,0,0
0,0,0,0,0,0,0,1,0,0,0,0,0,0
0,0,0,0,0,0,0,1,0,0,0,0,0,0
0,0,0,0,0,0,1,0,0,0,0,0,0,0
0,0,0,0,0,0,0,0,0,1,0,0,0,0
0,0,0,0,0,0,1,0,0,0,0,0,0,0
0,0,0,0,0,0,1,0,0,0,0,0,0,0
0,0,0,0,0,0,1,0,0,0,0,0,0,0
0,0,0,0,0,1,0,0,0,0,0,0,0,0
0,0,1,0,0,0,0,0,0,0,0,0,0,0
0,0,0,1,0,0,0,0,0,0,0,0,0,0
0,0,0,0,0,0,1,0,0,0,0,0,0,0
0,0,0,0,1,0,0,0,0,0,0,0,0,0
0,0,1,0,0,0,0,0,0,0,0,0,0,0
0,0,0,0,1,0,0,0,0,0,0,0,0,0
0,0,1,0,0,0,0,0,0,0,0,0,0,0
0,0,1,0,0,0,0,0,0,0,0,0,0,0
0,0,0,0,1,0,0,0,0,0,0,0,0,0
0,0,0,0,1,0,0,0,0,0,0,0,0,0
0,0,0,0,0,1,0,0,0,0,0,0,0,0
0,0,0,0,1,0,0,0,0,0,0,0,0,0
0,0,0,0,0,1,0,0,0,0,0,0,0,0
0,0,0,0,0,1,0,0,0,0,0,0,0,0
0,0,0,0,0,0,1,0,0,0,0,0,0,0
0,0,0,1,0,0,0,0,0,0,0,0,0,0
0,0,0,0,0,1,0,0,0,0,0,0,0,0
0,0,0,0,0,1,0,0,0,0,0,0,0,0
0,0,0,0,0,0,1,0,0,0,0,0,0,0
0,0,0,0,0,0,0,1,0,0,0,0,0,0
0,0,0,0,0,0,0,1,0,0,0,0,0,0
0,0,0,0,0,0,1,0,0,0,0,0,0,0
0,0,0,0,0,0,1,0,0,0,0,0,0,0
0,0,0,0,0,0,0,0,0,0,1,0,0,0
0,0,0,0,0,0,0,1,0,0,0,0,0,0
0,0,0,0,0,0,0,1,0,0,0,0,0,0
0,0,0,0,0,1,0,0,0,0,0,0,0,0
0,0,0,0,0,0,1,0,0,0,0,0,0,0
0,0,0,0,0,0,1,0,0,0,0,0,0,0
0,0,0,0,0,0,1,0,0,0,0,0,0,0
0,0,0,0,0,0,0,0,0,0,0,1,0,0
0,0,0,0,0,0,1,0,0,0,0,0,0,0
0,0,0,0,0,0,1,0,0,0,0,0,0,0
0,0,0,0,0,0,0,0,0,0,1,0,0,0
0,0,0,0,0,0,1,0,0,0,0,0,0,0
0,0,0,0,0,0,0,0,0,0,0,0,1,0
0,0,0,0,0,0,0,0,0,1,0,0,0,0
0,0,0,0,0,0,1,0,0,0,0,0,0,0
0,0,0,0,0,0,1,0,0,0,0,0,0,0
0,0,0,0,0,1,0,0,0,0,0,0,0,0
0,0,0,0,0,0,0,0,0,0,0,0,0,1
0,0,0,0,0,0,0,0,0,0,0,1,0,0
0,0,0,0,0,0,1,0,0,0,0,0,0,0
0,0,0,0,0,0,1,0,0,0,0,0,0,0
0,0,0,0,0,0,1,0,0,0,0,0,0,0
0,0,0,0,0,0,1,0,0,0,0,0,0,0
0,0,0,0,0,0,1,0,0,0,0,0,0,0
0,0,0,0,0,0,1,0,0,0,0,0,0,0
0,0,0,0,0,0,0,0,0,0,0,0,1,0
0,0,0,0,0,0,0,0,0,0,1,0,0,0
0,0,0,0,0,0,0,0,0,0,0,1,0,0
0,0,0,0,0,1,0,0,0,0,0,0,0,0
0,0,0,0,0,1,0,0,0,0,0,0,0,0
0,0,0,0,0,1,0,0,0,0,0,0,0,0
0,0,0,0,0,1,0,0,0,0,0,0,0,0
0,0,0,1,0,0,0,0,0,0,0,0,0,0
0,0,0,0,0,1,0,0,0,0,0,0,0,0
0,0,0,0,0,0,1,0,0,0,0,0,0,0
0,0,0,0,0,0,1,0,0,0,0,0,0,0
0,0,0,0,0,0,0,1,0,0,0,0,0,0
0,0,0,0,0,0,0,1,0,0,0,0,0,0
0,0,0,0,0,0,0,0,1,0,0,0,0,0
0,0,0,0,0,0,0,1,0,0,0,0,0,0
0,0,0,0,0,0,0,1,0,0,0,0,0,0
0,0,0,0,0,0,0,0,0,0,0,0,1,0
0,0,0,0,0,0,1,0,0,0,0,0,0,0
0,0,0,0,0,0,0,0,0,1,0,0,0,0
0,0,0,0,0,0,1,0,0,0,0,0,0,0
0,0,0,0,0,0,0,0,0,0,1,0,0,0
0,0,0,0,0,0,0,0,0,0,1,0,0,0
0,0,0,0,0,0,1,0,0,0,0,0,0,0
0,0,0,0,0,0,1,0,0,0,0,0,0,0
0,0,0,0,0,0,1,0,0,0,0,0,0,0
0,0,0,0,0,0,0,0,0,0,0,1,0,0
0,0,0,0,0,0,0,0,0,0,0,1,0,0
0,0,0,0,0,0,1,0,0,0,0,0,0,0
0,0,0,0,0,0,1,0,0,0,0,0,0,0
0,0,0,0,0,0,1,0,0,0,0,0,0,0
0,1,0,0,0,0,0,0,0,0,0,0,0,0
0,1,0,0,0,0,0,0,0,0,0,0,0,0
0,0,0,0,1,0,0,0,0,0,0,0,0,0
0,0,0,0,1,0,0,0,0,0,0,0,0,0
0,0,0,0,1,0,0,0,0,0,0,0,0,0
0,0,0,0,0,1,0,0,0,0,0,0,0,0
0,0,0,0,0,1,0,0,0,0,0,0,0,0
0,0,0,0,0,0,1,0,0,0,0,0,0,0
0,0,0,0,0,0,1,0,0,0,0,0,0,0
0,0,0,0,0,0,1,0,0,0,0,0,0,0
0,0,0,0,0,0,0,1,0,0,0,0,0,0
0,0,0,0,0,0,1,0,0,0,0,0,0,0
0,0,0,0,0,0,0,1,0,0,0,0,0,0
0,0,0,0,0,0,1,0,0,0,0,0,0,0
0,0,0,0,0,0,1,0,0,0,0,0,0,0
0,0,0,0,0,0,1,0,0,0,0,0,0,0
0,0,0,0,0,0,1,0,0,0,0,0,0,0
0,0,0,0,0,0,1,0,0,0,0,0,0,0
0,0,0,0,0,0,0,0,0,0,1,0,0,0
0,0,0,0,0,0,1,0,0,0,0,0,0,0
0,0,0,0,0,0,0,1,0,0,0,0,0,0
0,0,0,0,0,0,0,1,0,0,0,0,0,0
0,0,0,0,0,0,1,0,0,0,0,0,0,0
0,0,0,0,0,0,1,0,0,0,0,0,0,0
0,0,0,0,0,0,0,0,0,0,0,0,1,0
0,0,0,0,0,0,0,0,0,0,0,1,0,0
0,0,0,0,0,0,1,0,0,0,0,0,0,0
0,0,0,0,0,0,0,1,0,0,0,0,0,0
0,0,0,0,0,0,0,1,0,0,0,0,0,0
0,0,0,0,0,0,1,0,0,0,0,0,0,0
0,0,0,0,0,0,1,0,0,0,0,0,0,0
0,0,0,0,0,0,1,0,0,0,0,0,0,0
0,0,0,0,0,0,1,0,0,0,0,0,0,0
0,0,0,0,0,0,1,0,0,0,0,0,0,0
0,0,0,0,0,0,1,0,0,0,0,0,0,0
0,0,0,0,0,0,1,0,0,0,0,0,0,0
0,0,0,0,0,0,1,0,0,0,0,0,0,0
0,0,0,0,0,0,1,0,0,0,0,0,0,0
0,0,0,0,0,0,1,0,0,0,0,0,0,0
0,0,0,0,0,0,1,0,0,0,0,0,0,0
0,0,0,0,0,0,1,0,0,0,0,0,0,0
0,0,0,0,0,0,0,1,0,0,0,0,0,0
0,0,0,0,0,0,1,0,0,0,0,0,0,0
0,0.372121061678762,0.000355518323516283,0.000301671886411086,0.004337080280201,0.0987944915069796,0.520567780070693,0.000457769878849639,0.000385158909046945,0.000321703354973796,0.000331185072628859,0.00127941496572798,0.000322961669360149,0.000424202402849294
0,6.50346024164916e-05,0.000111671767597858,5.87205658949224e-05,0.0113516914332701,0.296727518333597,0.687183733529929,0.000300387434579551,0.000413433886257051,0.000221929228520623,0.000221946022621545,0.00294151458745588,0.000221931456651881,0.000180487151208628
0,1.34374531017406e-05,0.000151323819767517,3.29139813495581e-06,0.0251547544306608,0.657096628727993,0.317402352343632,1.1432364661374e-05,1.14849795888344e-05,1.13783110223244e-05,1.13790127691888e-05,1.28164513258206e-05,1.13784041219297e-05,0.000108342303220833
0,0.000112989113748143,0.000599241344376584,1.2724865666195e-06,0.0216422439802382,0.93453463990707,0.0425312362389764,9.78115253107198e-07,9.87979179478177e-07,9.6612850614882e-07,9.66328245677506e-07,1.26561781959344e-06,9.66155004438419e-07,0.000572246605016155
0,0.000892411155152067,0.000742578244718788,8.42255948293298e-07,0.0554428249508899,0.934672663528534,0.00767581445167897,5.59281717822132e-07,5.60483834146601e-07,5.57816313878184e-07,5.57840824288398e-07,5.94388722484257e-07,5.57819565531353e-07,0.000569477782100044
0,0.00570136360735079,0.00117374715847643,1.61107731461839e-06,0.267830874933768,0.72234850078795,0.00281984181270625,1.2624332867383e-07,1.26285516576462e-07,1.26191896559388e-07,1.26192756902913e-07,1.27475462211654e-07,1.26192010696145e-07,0.000123302041461914
0,3.40823112072701e-06,0.00119210750004589,0.0005932497532559,0.87689634916937,0.119470134618068,0.00183964350184765,5.7896745484753e-07,5.78967627264858e-07,5.78967244018629e-07,5.78967247559572e-07,5.78972500178442e-07,5.78967244488386e-07,1.63341697344441e-06
0,0.0983868516284387,0.000457166052522296,4.37330630836605e-07,0.00671674391011042,0.893458580798465,0.000548711229974238,4.10131692059542e-07,4.10140084988189e-07,4.10121459745728e-07,4.1012163091466e-07,4.10376819446891e-07,4.10121482453711e-07,0.000429048036688938
0,0.500012851631203,3.61978487819504e-06,1.57151157936739e-10,5.258672974666e-05,0.499923419281243,4.02896681731477e-06,5.60241622232483e-11,5.60244879491457e-11,5.60237651965035e-11,5.602377183644e-11,5.60336742379797e-11,5.60237660773851e-11,3.49311280671825e-06
0,0.500001485389438,3.61525459516888e-06,9.32342062879959e-11,5.24000332309277e-05,0.499934987410511,4.02230301440334e-06,4.63707985695392e-11,4.63708888383255e-11,4.63706885488788e-11,4.63706903887309e-11,4.63734345278872e-11,4.63706887929613e-11,3.48923774919306e-06
0,3.94332160418881e-07,0.00130035587288087,6.24291424607415e-06,0.184525970658491,0.486067175847969,0.327486238465962,7.47553560047629e-05,7.47599566315624e-05,7.47509106811378e-05,7.47509617108879e-05,7.48721486430188e-05,7.47509174512976e-05,0.000164981657167951
0,3.27533469540195e-09,2.341266813669e-06,3.93675570935778e-09,0.000617550678339675,0.501589997906615,0.497781205908323,1.12178220117351e-06,1.12181281738659e-06,1.1217454916135e-06,1.12174609353636e-06,1.12266681918816e-06,1.1217455714673e-06,2.16552882339105e-06
0,2.3724331927791e-05,2.59569846176573e-05,2.35827243205808e-05,0.00200895219560366,0.0166238765226828,0.9128729032717,0.00351283535407941,0.00562743546374669,0.00205483538449919,0.00205484542287194,0.0530036248351926,0.00205483671630776,0.000112590792449594
0,1.15214757882144e-06,1.24648012381408e-06,1.14520591115698e-06,0.000223047201201393,0.000874566602682147,0.811417286271786,0.00652830949645872,0.0130452648854405,0.00204585109039296,0.00204585434539246,0.161671225671778,0.00204585152223907,9.91990790149835e-05
0,3.43085560403015e-07,3.61106374603507e-07,3.41887305033123e-07,0.000171872464876441,0.000323420119616167,0.951290185550985,0.0118885334877474,0.028635483437741,0.000396584742668184,0.000396585013835416,0.00634820881761904,0.000396584778644222,0.000151495507026994
0,9.24878615304264e-08,9.35406507213569e-08,9.23527142234638e-08,8.26219897005124e-05,0.000232792268281253,0.739453930549812,0.0706350944836728,0.180867574398603,0.00126271777891128,0.00126271791732515,0.00430360201432786,0.0012627177972748,0.000635952420864562
0,6.13748337022519e-08,6.16463438815448e-08,6.13417491152268e-08,6.13719391779296e-05,0.00120915467214912,0.660269593966191,0.316339863088301,0.0135365486050785,0.000777564685258984,0.000777564706517888,0.00123783915331255,0.000777564688079423,0.0050127501330062
0,2.09480931067076e-07,2.09869248793816e-07,2.09572088427451e-07,4.0487013057426e-07,7.24096799187853e-07,0.048472113860518,0.946314572015967,0.00341523013741662,0.000423220807939103,0.000423220812603804,0.000524986681636732,0.000423220808557973,1.676986162463e-06
0,1.7810344426527e-07,1.78848836733215e-07,1.77817427177136e-07,0.000181100916085781,0.0304844050712889,0.828062144722045,0.00359950636755077,0.000511605589292121,0.000190344439950575,0.000190344440828305,0.00020852451925032,0.000190344440067024,0.136381144723933
0,8.82086413670253e-08,9.0406703543254e-08,8.74148808172435e-08,9.03363937503102e-05,0.084921021799559,0.52794530201469,0.000673423215377415,0.000143334527395262,8.81705588307312e-05,8.81705589815104e-05,9.12934985824223e-05,8.81705588507352e-05,0.385870510843757
0,1.46775245459341e-08,1.47045499867699e-08,1.4670677560573e-08,1.48556072345228e-05,0.000786424197889277,0.995893835152581,2.56097875938887e-05,1.58535990292662e-05,1.48348402481472e-05,1.48348402509474e-05,1.48928155716432e-05,1.48348402485187e-05,0.00320398026660082
0,7.04855097418237e-07,7.11245600802528e-07,7.04460409720803e-07,0.000666944869492722,0.00071138261361464,0.993185020284787,0.00076926457305206,0.000790409202309459,0.000680657981548938,0.000680658034572298,0.00183217428493366,0.0006806579885836,7.09605998246514e-07
0,2.2406606470936e-07,2.24335273390952e-07,2.2404931707414e-07,0.000225755817235538,0.000227681910225373,0.998129271736484,0.000230169120136555,0.000231107991331961,0.000226307955538532,0.00022630795783685,0.000276192838503779,0.000226307955843452,2.24266208618733e-07
0,7.22828457539831e-08,7.2353571309145e-08,7.22784586196149e-08,7.29865696356677e-05,7.34932731762749e-05,0.999399051628252,7.41453414122677e-05,7.43923319128941e-05,7.31295789251034e-05,7.31295795297252e-05,8.62528678541081e-05,7.31295790053191e-05,7.23354209528571e-08
0,9.82376400590436e-08,9.82460717630344e-08,9.8237145607894e-08,9.90382676285687e-05,9.90990693023122e-05,0.999205330946228,9.91703658489306e-05,9.91999964662995e-05,9.90485082502247e-05,9.90485083227591e-05,0.000100622864944216,9.90485082598478e-05,9.8243891521014e-08
0,8.20524288691302e-08,8.20633020803323e-08,8.20517955558479e-08,8.29349069039791e-05,8.30130013050677e-05,0.999333658894413,8.3105107973184e-05,8.31431712629354e-05,8.29485705309965e-05,8.29485706241737e-05,8.49709784234742e-05,8.29485705433584e-05,8.20604937611991e-08
0,4.50476757092021e-08,4.50486918354748e-08,4.50476163472841e-08,4.53583180695981e-05,4.53656417524797e-05,0.999636723947993,4.53728992740884e-05,4.53764686756803e-05,4.53582199071981e-05,4.53582199159359e-05,4.55478720890659e-05,4.53582199083574e-05,4.50484306833018e-08
0,1.56171196039177e-07,1.56263465047949e-07,1.56165731777022e-07,0.000158475105989371,0.000159137569253705,0.998709792064705,0.000159967276465349,0.000160290151322523,0.000158639434055058,0.000158639434845443,0.000175794689144633,0.000158639434159919,1.56239665771335e-07
0,8.48489175124766e-08,8.49146333536312e-08,8.48455168387571e-08,8.49844676752808e-05,8.54519580468621e-05,0.999304410169239,8.60392221281476e-05,8.62625730326744e-05,8.5108219346991e-05,8.51082199032859e-05,9.71874446216709e-05,8.51082194207952e-05,8.48975179575039e-08
0,0.371995124824846,5.48131762821661e-05,5.39036992769448e-05,0.000580421977543961,0.00263194568573755,0.623922368904722,0.000223742787729012,7.74565169567437e-05,7.70949653700046e-05,8.9707304737591e-05,0.000159936064035555,7.87687077391787e-05,5.47153850230786e-05
0,0.372283695023027,1.36773716736773e-05,1.29313288677298e-05,0.000183154413857991,0.00323819978434339,0.62388979140296,5.94100694673311e-05,3.112892468441e-05,3.06984921962007e-05,5.08782886133446e-05,0.000161511480521914,3.09579906474026e-05,1.39654291391919e-05
0,1.44333046767815e-06,2.34273942332179e-06,1.45967831512555e-06,0.00192904444810013,0.0266816817446358,0.97077442364323,0.000401289472606462,3.97570449778886e-05,3.98393218461259e-05,4.01558773377927e-05,4.59126806238477e-05,4.02677698618333e-05,2.38224857361224e-06
0,1.31157411307089e-07,3.2243406484529e-06,1.85157766323174e-07,0.0288204492149548,0.398254590655128,0.572647445953269,4.51980655711021e-05,4.51591132278463e-05,4.515893816438e-05,4.51593693635752e-05,4.51643048855391e-05,4.51589912469568e-05,2.97473836218113e-06
0,3.50912152590977e-07,0.000441405182831952,3.17408358945363e-06,0.111335751818889,0.842579429591417,0.0452711718256915,1.30057463991284e-06,1.30018123739629e-06,1.30018046330812e-06,1.30018267492631e-06,1.30020921615824e-06,1.30018096200052e-06,0.000360915076235052
0,3.9014798228944e-08,0.000182269114184983,3.32481078268458e-05,0.518599083190087,0.476697003774046,0.00448069574271304,6.63689567241039e-08,6.63668875248226e-08,6.63668821674828e-08,6.63668965708072e-08,6.63670663101143e-08,6.63668848388447e-08,7.26285277026653e-06
0,3.8808286455723e-07,0.000411460418715366,0.000392269333882867,0.995468142464691,0.00300233353457607,0.000722666829277018,3.8876573930874e-07,3.887656598574e-07,3.88765659599498e-07,3.88765660265034e-07,3.88765668006054e-07,3.88765659704034e-07,4.06741946753673e-07
0,2.17876146686241e-08,0.000191154063491845,1.28132971836654e-05,0.502160447646819,0.496050584772131,0.00157484532205582,3.26549977205425e-08,3.26547824553645e-08,3.26547819826253e-08,3.26547832986822e-08,3.265479897387e-08,3.26547822573517e-08,9.93718177789947e-06
0,1.03145556825519e-06,0.00109301332614496,1.064039667935e-06,0.00474292919054449,0.979139909146392,0.0139369148821194,1.09636502886355e-06,1.09627540537544e-06,1.09627528219144e-06,1.096275671398e-06,1.09628047138795e-06,1.0962753938003e-06,0.00107856021231039
0,5.38766100981595e-07,0.000553332913071512,5.39946514200426e-07,0.000838294186984283,0.996508235740813,0.00154343215672623,5.42223886593216e-07,5.42217224091778e-07,5.42217214952469e-07,5.42217243846713e-07,5.42217600249155e-07,5.42217223248658e-07,0.000552372979396815
0,3.80228787962148e-07,5.54926958825059e-07,3.80652455659522e-07,0.00166876879636775,0.266392378625371,0.729717285310813,0.000369960878710525,0.000369948345578331,0.000369948288492,0.000369948428868338,0.000369950034686853,0.000369948305600167,5.47177309727188e-07
0,1.10992720336008e-07,2.1003327416946e-07,1.11024119801232e-07,0.000261963709242663,0.423283239236179,0.575776864739361,0.000112881792948648,0.000112881483608863,0.000112881482196564,0.00011288148566843,0.000112881525380407,0.000112881482618948,2.11012680848761e-07
0,7.35832145628746e-09,2.12093392194752e-07,7.39067110207452e-09,0.000154828299635764,0.475631393567609,0.524168914837141,7.40389383742108e-06,7.40387809988626e-06,7.40387802803779e-06,7.40387820466394e-06,7.40388022495521e-06,7.40387804952635e-06,2.13166785235362e-07
0,7.18680794713745e-07,7.2955951089422e-07,7.18799485439877e-07,0.00104649396513533,0.00387095709176026,0.990577021018956,0.000750441210512569,0.000750438268605576,0.000750438255267704,0.000750438288084584,0.00075043866356486,0.000750438259281177,7.27939040488564e-07
0,2.83278096481295e-07,2.85036727619959e-07,2.83307883485779e-07,0.000348304495519792,0.000828530635537733,0.997035867349731,0.000297693928007033,0.000297693428772534,0.000297693426509359,0.000297693432077808,0.000297693495790502,0.000297693427190428,2.84758156228448e-07
0,3.45222051221705e-07,3.45499624430745e-07,3.45235311849626e-07,0.000367262129934575,0.000439709956812566,0.997036378806248,0.000359211344425635,0.000359211269136229,0.000359211268794924,0.000359211269634692,0.000359211279243091,0.000359211268897636,3.4544988481683e-07
0,5.50626781505924e-08,5.50653219748964e-08,5.50630709922582e-08,5.5466145207673e-05,5.60075773533006e-05,0.999555929286045,5.53961230614786e-05,5.53961225004651e-05,5.53961224979219e-05,5.53961225041794e-05,5.53961225757756e-05,5.53961224986872e-05,5.50646847036806e-08
0,3.00107887722172e-07,3.001648493963e-07,3.001149616633e-07,0.000312387446178233,0.000324859446669531,0.997496934891497,0.000310769623234136,0.000310769610273965,0.000310769610215214,0.000310769610359769,0.00031076961201374,0.000310769610232894,3.00151627208808e-07
0,4.05994990624088e-07,4.06006912836103e-07,4.05998024472555e-07,0.000415852866783259,0.000417559488297881,0.996672197297476,0.000415461058850906,0.000415461057078064,0.000415461057070027,0.000415461057089801,0.000415461057316051,0.000415461057072446,4.06003037969326e-07
0,8.42680964199228e-07,1.05664000683623e-06,8.7502393417047e-07,0.000864288761381889,0.00275124712745965,0.99471190194802,0.00127292775764021,7.44340919855043e-05,7.4715098172309e-05,7.57465503089626e-05,9.46103005774437e-05,7.61351182132044e-05,1.21890133542888e-06
0,4.03121770967891e-08,4.09780388404594e-07,1.60806073221568e-07,0.00406991263491664,0.00639491081934367,0.989317024860859,1.76126830370898e-05,1.44385356733808e-05,1.59726170077141e-05,2.15500554176316e-05,0.000123653186557629,2.36783709714067e-05,6.35337577158413e-07
0,3.0701091023901e-08,8.60568478319025e-07,4.28378226399861e-08,0.04017195971793,0.01104193658436,0.948597892029797,4.89382736703919e-05,2.62181523810993e-05,2.62294217219258e-05,3.05914554815102e-05,2.87331119256995e-05,2.64527624374157e-05,1.14382903473219e-07
0,4.1790586613338e-09,3.43409532649571e-05,7.81596434114235e-07,0.461731232127739,0.00219642026526263,0.535948358414699,4.17754681936443e-06,4.10007503148976e-06,4.23497355872609e-06,3.46972170232308e-05,3.46824432477286e-05,6.95478739147488e-06,1.54204697901657e-08
0,1.67899954253076e-08,2.35644568373317e-07,9.37992840021983e-08,0.395746296769781,0.0028772340744803,0.600238291204483,2.15122837624985e-05,2.03269333467516e-05,2.24589430425889e-05,0.000504149653773941,0.000503896479356042,6.54619895827481e-05,2.543454318966e-08
0,8.33538614183924e-08,1.18455984096082e-07,8.40608250547559e-08,0.00721626561404443,0.0714963926757094,0.871298716560367,0.00029761149442923,0.000245981714948394,0.000291082846438489,0.0233852218917203,0.0233735196686126,0.00239481275685217,1.08906207936033e-07
0,1.30966275811426e-08,3.07962542243447e-07,1.59082332769633e-08,0.0129102404668461,0.424803151891913,0.55740418344949,5.20872712962226e-05,5.16873782959398e-05,0.000323394657046417,8.45796922545405e-05,4.23181918112405e-05,0.00432772470089658,2.9533274713183e-07
0,1.24238468225196e-07,0.000134841360091035,1.7430194812022e-07,0.0206476155719059,0.898648188362049,0.080433828599594,3.82685712686953e-07,3.8223981149502e-07,5.47774518396837e-07,4.77950583352251e-07,4.09634156822821e-07,2.83716204317697e-06,0.000130190119118316
0,5.28308484441694e-08,7.74310436833565e-05,7.57667626880193e-08,0.0507848904153388,0.915226335828599,0.0338558214481984,6.65841058955138e-08,6.65517946426338e-08,7.92685517055341e-08,7.37531807292151e-08,6.84255439004843e-08,2.58219308460432e-07,5.47798640836252e-05
0,2.34861718638805e-08,0.000224326598840966,3.45151695113742e-07,0.362402860901696,0.603722754049888,0.0336252668329419,6.08752397568901e-08,6.08737047852804e-08,6.14752538733312e-08,6.12148652645933e-08,6.09631135276225e-08,6.99299621338036e-08,2.40476466277323e-05
0,1.39842359808614e-07,0.000285177019744529,0.000144513421212346,0.880051182454516,0.0829701478586352,0.0365475525605459,1.66387250286207e-07,1.66387241487814e-07,1.66390700822359e-07,1.66389201369165e-07,1.66387751214955e-07,1.66439374139254e-07,2.88461466507627e-07
0,5.71586991657424e-08,8.26475622149702e-05,5.90246680441378e-05,0.94371516051962,0.0153392932676198,0.0408033233896101,6.87654134298458e-08,6.87654118579126e-08,6.87660305145091e-08,6.87657622375087e-08,6.87655028293467e-08,6.87747375636363e-08,8.08313328725049e-08
0,2.42271033311739e-08,2.47671625773016e-05,2.44602983340255e-05,0.550727868299629,0.00215355864979446,0.447066683303243,4.35252408424874e-07,4.35252408252202e-07,4.35252476238819e-07,4.35252446751153e-07,4.35252418240589e-07,4.35253433207382e-07,2.65437282180252e-08
0,2.16576525844479e-08,4.32232794294515e-08,4.32609482151114e-08,0.00413631665730284,0.000147025560310619,0.995586389499662,2.16897418794186e-05,2.16897418794083e-05,2.1689741883439e-05,2.16897418816907e-05,2.16897418800005e-05,2.16897419401744e-05,2.16895005873958e-08
0,2.97366364162758e-09,5.14686646101507e-09,5.15066247793496e-09,0.000417986431485985,1.56209804166365e-05,0.99954849980643,2.97942226588416e-06,2.97942226588313e-06,2.97942226628966e-06,2.97942226611333e-06,2.97942226594285e-06,2.97942227201207e-06,2.97687297041635e-09
0,5.35331618441476e-07,0.000553207969627857,5.41520846181052e-07,0.0100182485800476,0.987212116958288,0.00166519540994414,5.36049879755132e-07,5.36049550152567e-07,5.36179733462327e-07,5.36123180554882e-07,5.36068592847551e-07,5.38013532667577e-07,0.000546935745158922
0,5.94033966803268e-07,0.000616271375773084,5.94592997603908e-07,0.000765938097961724,0.995627761512907,0.00236820556118774,5.99170233651028e-07,5.99157455992319e-07,6.04204957970012e-07,6.02012135051441e-07,5.99895573265351e-07,6.75308323413076e-07,0.000616955076526533
0,1.1265032860934e-07,1.22620533818405e-07,1.12740422367857e-07,0.0002558235222023,0.0139745253801588,0.744728600882065,0.00205225602992564,0.00203547141457716,0.0150834400955648,0.00312258084973614,0.00137325003618001,0.217373580991736,1.22786568478105e-07
0,1.00574602874053e-07,1.01934403210207e-07,1.00576231905759e-07,0.000119401374591677,0.012466971801444,0.909632520792511,0.00315851869061405,0.00308637116675894,0.059337574788997,0.00773351138088071,0.000219817676357238,0.00424490730253751,1.01940069875438e-07
0,9.93633211604873e-08,9.94006804932502e-08,9.93639618249003e-08,0.000103548178187266,0.000184466734937082,0.966300754028303,0.0164365831696166,0.016035973561467,0.000170563398721001,0.000155396044535283,0.000115550867400066,0.0004967664899586,9.93989106123193e-08
0,4.52435044624091e-08,4.52485187285929e-08,4.52435520121344e-08,4.63069573514359e-05,5.73517728477463e-05,0.893415083467249,0.0536705203069501,0.0523553042769382,9.91946489453258e-05,9.57315540198198e-05,8.66318498055869e-05,0.000173694182000142,4.52483171613333e-08
0,5.89396008435658e-09,5.89380156056433e-09,5.89373258251083e-09,5.97914790637174e-06,6.3742754599801e-06,0.616861059947471,0.19360811715654,0.188859339436379,0.00015768117222812,0.00015600027264938,0.000151583488062106,0.000193841527786807,5.89402244780594e-09
0,5.98920739664199e-09,5.98725242576817e-09,5.98778311557328e-09,4.34772243331344e-07,4.37790812180014e-07,0.114696750160134,0.450307054846649,0.433817617758855,0.000288260166838088,0.000286800870993013,0.000282966375734679,0.000319653304831813,5.9886654983164e-09
0,1.04389912211689e-08,1.0439121273945e-08,1.04390334340186e-08,1.21202983219624e-08,1.21337771690623e-08,0.00406808672895899,0.993105882884003,0.00274010003195723,2.12465618726798e-05,2.11945569591478e-05,2.10579070843374e-05,2.23653188636898e-05,1.04390796922389e-08
0,5.25387467216264e-08,5.25389589873432e-08,5.25388135251019e-08,5.32501990890227e-05,5.34249212150577e-05,0.992475483412185,0.00363377146283886,0.00355767057872336,5.62849710116375e-05,5.62228200041681e-05,5.60595131402183e-05,5.76219663790346e-05,5.2538893928369e-08
0,1.26295354633791e-07,1.26296625270606e-07,1.26295434793952e-07,0.000127716809604656,0.000130216206586383,0.998928252212034,0.00014486579963915,0.000144448342057653,0.000129230248077307,0.000128811258596588,0.00012771032439679,0.000138243615082046,1.26296510948822e-07
0,6.17361729864935e-09,6.17363043186475e-09,6.17361907934725e-09,6.19789634255646e-06,6.21951505672987e-06,0.999949964897542,6.34611063437676e-06,6.34249818403675e-06,6.21080176302044e-06,6.20717829355992e-06,6.19765728749464e-06,6.28875040133527e-06,6.17362837732296e-09
0,1.29280283519217e-07,1.29291551840392e-07,1.29280736411896e-07,0.000132363517935068,0.000155833198423913,0.99878300559721,0.000138023923953387,0.000137882087469617,0.000146509016356594,0.000142575772333499,0.000132249560807401,0.000231040182165563,1.29290773028274e-07
0,7.75668902907269e-08,7.7568196932347e-08,7.75669655120697e-08,7.86650062765272e-05,8.13066071479121e-05,0.999352677512823,7.92958959344266e-05,7.92798984147086e-05,8.02495588853412e-05,7.9806858335386e-05,7.86446133900405e-05,8.97637786543999e-05,7.756808546166e-08
0,4.02635288338775e-08,4.02637936664475e-08,4.02635532566762e-08,4.07449426317627e-05,4.12395991883507e-05,0.999670580858073,4.08606765661536e-05,4.08576809206272e-05,4.10392558961446e-05,4.09563573438261e-05,4.07387194329384e-05,4.28208553093884e-05,4.02637624737459e-08
0,2.56080461358709e-08,1.03609053805117e-07,2.56065273021331e-08,3.21047643377688e-05,0.0230026406633191,0.618710956769619,0.000584172072599093,0.000583708930196861,0.321428324362382,0.0325790841115449,0.00056539441201603,0.00251335425486996,1.04835488205015e-07
0,5.09805617421051e-09,2.39021953215607e-06,5.44973091658204e-09,9.65832331893472e-05,0.239213295196544,0.516763948012779,0.000109212758486671,0.000109109985074948,0.00377325508148652,0.239641908751862,0.000105031526736658,0.000182834620277899,2.42006624346093e-06
0,1.0400742191276e-07,1.05763376287943e-07,1.04090361139079e-07,0.000196869866414803,0.000246525215151651,0.71824103594948,0.00127315385324009,0.000996846687534277,0.000997192689970145,0.134789347470958,0.134782870113087,0.00847573990137196,1.04391633008335e-07
0,4.43916677786507e-07,4.45192875594965e-07,4.43939875301122e-07,0.000487533876158329,0.00166599933385727,0.920061463523141,0.00288233203200653,0.000720383614538565,0.000720463720542722,0.00749405944744328,0.00749317006762323,0.0584728164970397,4.44838220473415e-07
0,6.55490438550165e-08,6.96591300788222e-08,6.55128298682164e-08,7.16604954996746e-05,0.00526371894812465,0.732871908463626,0.00986294507844264,0.00101827966699177,0.0010183066116546,0.00330118241480264,0.0033008834417187,0.243290844396921,6.97612141246363e-08
0,6.08296613534444e-08,8.51068721859699e-08,6.08354709057587e-08,8.6685606857174e-05,0.0318762847432933,0.934388459246436,0.030387107027373,8.06014199441455e-05,8.06021047629824e-05,0.000134737459568286,0.000134729923523011,0.00283050016446449,8.55317731788062e-08
0,5.10003979597147e-09,5.1013491521599e-09,5.09905911237454e-09,5.13265683685046e-06,5.73712429557366e-06,0.515365056922883,0.483762499115917,0.000117961643656278,0.000117961708783354,0.000123109314534516,0.000123108597862178,0.000379412512439372,5.10234374816127e-09
0,9.08030833784715e-09,9.0816789792867e-09,9.08083302967441e-09,1.81790200802038e-08,1.92759111100095e-08,0.00186946900121329,0.998019663925497,1.81596986494214e-05,1.81597034367756e-05,1.85383238738221e-05,1.85382711890143e-05,3.73972972263884e-05,9.08116301356772e-09
0,8.75232252117683e-10,8.75315393815751e-10,8.75264078947525e-10,1.42716089825808e-09,1.49369839931923e-09,0.000113813560526451,0.999877831500969,1.42693981188858e-06,1.42694010251284e-06,1.4499248826933e-06,1.44992168437486e-06,2.59479006833692e-06,8.75284096311601e-10
0,1.42817408711902e-08,3.54748800702864e-07,1.43656712373443e-08,0.000349182840296703,0.433189085323339,0.566326725088047,1.68800841176013e-05,1.46156895282698e-05,1.46157001954239e-05,1.54562971068395e-05,1.54561797617727e-05,5.7238755971117e-05,3.60645422865277e-07
0,3.3961330905258e-08,3.97902621458718e-08,3.39628495193669e-08,4.03319065660909e-05,0.00728878541478898,0.99244566925409,3.53626516932524e-05,3.44765299133038e-05,3.44765340836425e-05,3.48051634023299e-05,3.48051175261636e-05,5.11398207412574e-05,3.98927525403082e-08
0,2.54581747707984e-08,2.5599720416983e-08,2.54582134890763e-08,2.56664779634839e-05,0.00020309675706133,0.999617555817945,2.55438975127451e-05,2.55222113937346e-05,2.55222114957928e-05,2.55302538383119e-05,2.55302527156125e-05,2.59300017603779e-05,2.56022053317101e-08
0,5.5194665022481e-08,5.54022643782883e-08,5.52898748632981e-08,4.18961178020017e-06,4.07704214679976e-06,0.114069407356602,0.00140533340159591,0.00133736900822307,0.00133748612768075,0.43933422993689,0.439332910134063,0.00317477618456968,5.53096443119629e-08
0,2.86241475291398e-08,2.37893223654473e-05,2.35512339067636e-05,0.505682708378889,0.000850339655536521,0.493359520978625,8.34067462201803e-06,6.78366165031869e-06,2.44374651367768e-05,6.83562325134134e-06,6.83557465466171e-06,6.78897978966593e-06,3.98274251600113e-08
0,6.75121843149947e-09,4.01203566821134e-06,3.8542023814216e-06,0.474788152631758,0.000963035777474343,0.524179927119784,6.67820931159839e-06,3.38036506576024e-06,4.07750708434989e-05,3.39283708511177e-06,3.39282543469475e-06,3.38164042607701e-06,1.0533548935478e-08
0,2.83842291426335e-07,3.55011375386475e-07,3.12242588554093e-07,0.0205734302173157,0.0150589950967954,0.945145696264855,0.0017246095557518,0.000324973462725907,0.0161961105890487,0.000324976486568273,0.000324976483751034,0.000324973771272822,3.06975659500051e-07
0,1.65643621334932e-07,1.66350991445286e-07,1.6632102762368e-07,0.00111115971332927,0.000183676157288824,0.791037576518665,0.0171074110398437,0.000559924496275069,0.188319813686104,0.000559924936958345,0.000559924936547779,0.000559924541240888,1.65658106773712e-07
0,1.49909030838647e-07,1.50091095643982e-07,1.50081840586633e-07,0.000391033959899151,0.000156642208635368,0.939406819001806,0.0591794848043997,0.00015500862822136,0.000245385444042202,0.000155008662446425,0.000155008662414539,0.000155008631713562,1.49914454446249e-07
0,2.18660406936379e-10,2.18648018333053e-10,2.18660858232497e-10,2.59456080689988e-07,2.19603396255919e-07,0.50215218176117,0.497785815275744,1.2128144210492e-05,1.30104514574814e-05,1.21281445407895e-05,1.21281445404817e-05,1.21281442441943e-05,2.18646891403144e-10
0,3.8450158891424e-09,3.84504158693734e-09,3.84502769182449e-09,8.40785114280081e-09,7.70787689133348e-09,0.00171028800796403,0.998250948723124,7.69331567964936e-06,7.95851013881519e-06,7.69331578031378e-06,7.69331578022e-06,7.6933156899208e-06,3.84502980526873e-09
0,5.98964647696121e-08,6.00952919283746e-08,6.0089704489922e-08,0.000326439859848247,6.54456263988109e-05,0.752418353214009,0.000686611251972014,0.000568792222747853,0.244227740445408,0.00056879257121224,0.00056879257088759,0.000568792258303972,5.98977506764762e-08
0,3.47278996528656e-07,5.76166901241141e-07,3.49035678604911e-07,0.00384286087420588,0.163613850947082,0.830381351064027,0.00035800501677747,0.000356072427158731,0.000377791136552697,0.000356072710957946,0.000356072710693563,0.000356072456114738,5.78174852795542e-07
0,8.07013427599784e-08,8.07653886665494e-08,8.07438858216926e-08,0.000139905186488077,0.000117526520606183,0.99925327667777,8.14359960559545e-05,8.13794587183933e-05,8.20148334186936e-05,8.13794670204992e-05,8.13794670127651e-05,8.13794595654563e-05,8.0722727140135e-08
0,4.9707745415043e-08,8.59202296629149e-07,5.13933475107378e-08,0.00197537818754155,0.362778169358372,0.63493938559859,5.07490992627989e-05,5.06257374787136e-05,5.20121116571118e-05,5.06257555729792e-05,5.06257555561229e-05,5.06257393248689e-05,8.42353254022772e-07
0,8.53112426050526e-08,0.0303919689232448,0.000591946638488724,0.924273201035058,0.00495148843989177,0.0397904920885163,1.16290155111308e-07,1.16266091648235e-07,1.16287344914462e-07,1.21087975840576e-07,1.21085896581723e-07,1.16715902839726e-07,1.09830190775579e-07
0,8.26100844034628e-08,0.352816539540796,0.00507431111158292,0.638671541586401,0.00101605339424229,0.00242086009357341,8.74338237506748e-08,8.74320957656327e-08,8.74336171576279e-08,8.77772629316426e-08,8.77771146608987e-08,8.74642948599964e-08,8.63451113262804e-08
0,4.7567939612009e-08,0.299176926538327,0.0129760881397526,0.684948535550943,8.23631617353982e-05,0.00281569209636217,4.98721634918482e-08,4.98719746602619e-08,4.9872148548866e-08,4.99114285418454e-08,4.99114109909591e-08,4.98756550807698e-08,4.76301587182056e-08
0,9.10564707559564e-08,0.00706067639333864,0.264741973409556,0.696427764197801,0.000163289075191513,0.0316052096675976,1.50846060358685e-07,1.50846039310304e-07,1.50846058713234e-07,1.50850441681288e-07,1.50850439721377e-07,1.50846449981454e-07,9.11145541077056e-08
0,7.78979514725958e-08,0.000226503564796429,0.00157096988940462,0.637490257814868,0.000794146533845152,0.359912386122753,9.29943519835665e-07,9.29943510979023e-07,9.29943519147208e-07,9.29945364276816e-07,9.29945363451442e-07,9.29943683862186e-07,7.85114197961402e-08
0,3.87460396520075e-08,0.540233178128596,0.000191807908042714,0.459485888677544,8.77494945132183e-05,1.06566839092717e-06,3.87661981277847e-08,3.87661976662313e-08,3.8766197923101e-08,3.87662558896947e-08,3.87662558765862e-08,3.87662030987198e-08,3.87795644578276e-08
0,8.17464264477033e-09,0.522969541475729,0.000141111061812241,0.476796692597991,9.15760045631313e-05,1.01326218718472e-06,8.19881203964733e-09,8.19881199407323e-09,8.19881202411901e-09,8.19881880708965e-09,8.19881880496581e-09,8.19881262970198e-09,8.23018858371943e-09
0,2.23427576058894e-07,0.990208962931386,0.000233686263337941,0.00932365835964488,0.000231675966437034,2.29050908467725e-07,2.23428435755454e-07,2.2342843575239e-07,2.23428435753173e-07,2.2342843592924e-07,2.23428435929317e-07,2.23428435768902e-07,2.23430094425076e-07
0,1.42355752377708e-07,0.000320919830088332,0.000358381800631695,0.944529132387077,0.0198386422418345,0.0349515744484562,1.60759988345737e-07,1.60753553188188e-07,1.60759525304377e-07,1.62108592347558e-07,1.62107986164773e-07,1.60879956511454e-07,2.39566557762315e-07
0,5.03577526338619e-07,0.000785890306899403,0.000533852240387112,0.956514369657448,0.0403584771400462,0.00180307159206928,5.07153408157966e-07,5.07151435543738e-07,5.07153268393183e-07,5.07567299458189e-07,5.07567113244271e-07,5.0719022893097e-07,7.91702869517277e-07
0,2.82088305271344e-07,0.0018697122348159,0.000294840323169429,0.73293416628141,0.262868918165862,0.00202688410948102,2.91884960302644e-07,2.91884825430892e-07,2.91884950750634e-07,2.91913259822684e-07,2.91913247090355e-07,2.9188747790044e-07,3.4454282355344e-06
0,1.49405756376765e-07,0.00046768853461114,0.00219605805570142,0.851048581343902,0.0931305278848717,0.0531524212529136,3.05263562272307e-07,3.05262442529468e-07,3.05263483038946e-07,3.05498528606441e-07,3.05498422906694e-07,3.05284465549354e-07,2.74145133839948e-06
0,5.76590004700434e-08,0.000515146506812865,5.58907746504877e-05,0.538763785584923,0.459755718127133,0.000904253220994145,6.86573620200239e-08,6.86573457471855e-08,6.86573608701361e-08,6.86607770633463e-08,6.86607755273271e-08,6.86576658336191e-08,4.73617519993379e-06
0,2.63761485592628e-07,0.000519070981050208,5.47588254561529e-07,0.038568746286283,0.960023165907548,0.000616775662595516,2.64233364493351e-07,2.64233364413781e-07,2.64233364488175e-07,2.64233381292827e-07,2.64233381285413e-07,2.64233365988338e-07,0.000269844412560856
0,1.13860828941681e-07,0.00274763756964269,0.0168256607980616,0.657150137626387,0.105158164159096,0.218094017737382,2.07515588223299e-06,2.07515530884908e-06,2.07515584170892e-06,2.0752762119351e-06,2.07527615780088e-06,2.07516658715493e-06,1.18170626124312e-05
0,4.52199060291237e-08,0.0202734698693779,0.197738208449127,0.526603467463435,0.249664958663085,0.00569589567235518,3.1528460511034e-07,3.15284603309337e-07,3.15284604983149e-07,3.15284983087548e-07,3.1528498291771e-07,3.15284638736534e-07,2.20629542956324e-05
0,1.43588705758883e-07,1.98987828252843e-06,1.55458737006539e-07,0.00213381148154251,0.232424001501994,0.763952382976955,0.000700330353802285,0.000147788040324602,0.00014778809782682,0.000193945534836323,0.000147793117012253,0.000147788473736024,2.08149624495324e-06
0,5.47661210899507e-08,2.13268948829431e-07,5.54061411707147e-08,0.000268836080297629,0.158290546069828,0.839836331782095,0.00121365659481097,5.87163348908665e-05,5.87163458200925e-05,0.000155210488546432,5.87172999283556e-05,5.87164172805227e-05,2.29145291459502e-07
0,3.01763411867954e-07,3.18554264286289e-07,3.01932249441942e-07,0.000350180799841398,0.00156356297001142,0.982053706297508,0.0132765193930637,0.000333705549847991,0.000333705555339786,0.00141996586949518,0.000333706034776268,0.000333705591248653,3.19688941799466e-07
0,1.42060122774477e-07,1.42356571414876e-07,1.42064606540222e-07,0.000142316743868904,0.000164426239448313,0.690218572908411,0.282830857738015,0.000262076427460617,0.000262076427688488,0.025594951781374,0.00026207644758323,0.000262076429178601,1.42375670913333e-07
0,1.26416138817482e-07,1.26428815341201e-07,1.26419799612938e-07,1.32365331731233e-06,1.3573009076184e-06,0.367077209153828,0.631998517733806,0.000162429457483138,0.000162429457497001,0.000271368636675495,0.000162429458707422,0.000162429457587663,1.2642543685811e-07
0,1.03715566273189e-09,1.03827317610161e-09,1.03765269474234e-09,1.08794945891377e-07,1.0904233206461e-07,0.496356754813618,0.503484886528089,3.07364662329024e-05,3.07364662334158e-05,3.5190805172172e-05,3.07364662782401e-05,3.07364662367732e-05,1.0377804310905e-09
0,5.06923530653701e-08,5.08001999279174e-08,5.07365497382883e-08,4.70257411850444e-05,4.85624672680381e-05,0.524554526851425,0.349083447910104,0.00052719742597351,0.000527197426060029,0.124157444329665,0.000527197433613717,0.000527197426625798,5.07589765221886e-08
0,4.486941208328e-08,4.48554797531699e-08,4.48587265508488e-08,1.94216675287912e-06,1.96314311522442e-06,0.0831805857795158,0.563991428172344,0.000947162337882346,0.000947162337944935,0.349035251931078,0.000947162343409043,0.000947162338354187,4.48659859309253e-08
0,1.22544018552678e-07,1.22548268152309e-07,1.22545879962508e-07,1.33485807655017e-07,1.33620406107919e-07,0.00684172048395909,0.98161577419501,0.000197111667384077,0.000197111667389805,0.0107533013601152,0.000197111667889892,0.000197111667427261,1.2254644379877e-07
0,1.60958581480545e-07,3.22850086087069e-06,1.66805770373601e-07,0.00116515914513857,0.217812731026517,0.780017400806398,0.000167717842476073,0.00016600180037587,0.000166001803065356,0.000166125829798243,0.000166002037854442,0.000166001820650503,3.30162251388347e-06
0,1.18990149955914e-06,1.26448421629105e-06,1.19032344831585e-06,0.00131531749895599,0.013818408415433,0.977392127182971,0.0012452650578558,0.00124478675203776,0.00124478675278592,0.00124482133143618,0.00124478681809983,0.00124478675767779,1.26872358217413e-06
0,8.60666957478633e-07,8.70112067602388e-07,8.60752689217331e-07,0.000906342538981892,0.00281499958262698,0.990906635918866,0.000894819758569176,0.000894746928442133,0.000894746928556011,0.000894752194017312,0.000894746938497565,0.000894746929300612,8.70750427807398e-07
0,6.59091848278196e-08,2.04404311907172e-06,1.05699296869791e-06,0.0018637783142166,0.0743217057184152,0.920593871478664,8.08663090529828e-05,8.06432315603382e-05,0.000113741165619167,0.000224979456721365,0.00243278618330513,0.00027963055909506,4.83063807709064e-06
0,1.61138323685342e-07,3.180011519748e-07,1.61396527228854e-07,0.000310790649021823,0.0409249222399282,0.936478385499379,0.000315776955648755,0.000315677705533555,0.00060680418391273,0.000562957574416563,0.0198382139996283,0.00060706905290805,3.87616036205103e-05
0,2.04061600056464e-07,2.04094847548399e-07,2.03927790026991e-07,0.000208845763692148,0.000250700281760154,0.684302055164586,0.00243592499061991,0.00243588230103343,0.00740364971556024,0.00665253032436726,0.288905756241414,0.00740383883964215,2.04293087256474e-07
0,1.04049575469123e-07,1.04056694972116e-07,1.04047185756514e-07,0.00010749824596778,0.000112964682155391,0.958616739984018,0.000229608366898278,0.000229606620202372,0.0122648982762711,0.0104449377837601,0.00572830219295014,0.012265027627796,1.0406652420072e-07
0,6.80409316264153e-08,6.80451478906017e-08,6.80398215996048e-08,7.09846302212573e-05,7.36268961591169e-05,0.983027254415495,0.000147631498868729,0.000147630626972482,0.000160254192710282,0.0133197995859913,0.00289229042998886,0.000160255547864608,6.80498273197754e-08
0,9.89435589398367e-08,9.89163083092148e-08,9.89227628358521e-08,0.00010223117670584,0.0001025709784393,0.871693199363887,0.000682400358018089,0.000682399911781492,0.000689203296122979,0.123271328174105,0.00208706702596943,0.000689203995379691,9.89369602619967e-08
0,9.69108491116107e-08,9.69130963986505e-08,9.69108709705744e-08,0.000100034224374371,0.000100955878805907,0.886522538481017,0.000308623041457739,0.000308622526716428,0.0552073842017792,0.000314890187612339,0.00192905196554905,0.0552075118435369,9.69143348286607e-08
0,4.25910208050222e-08,4.25925220677723e-08,4.25912199469365e-08,4.39034337127305e-05,4.41439924397162e-05,0.81436422063912,0.000383239128165319,0.000383238735387277,0.0913866095246514,0.000388012084149539,0.00161972245536754,0.0913867396395668,4.25926772687613e-08
0,3.69742452539735e-08,3.69545988980149e-08,3.69598550240356e-08,1.15872316881863e-05,1.15902322206502e-05,0.349955047630207,0.00106792929131431,0.00106792892647376,0.322298434609831,0.00107234220297204,0.0022164646281344,0.322298527389761,3.69686986199805e-08
0,2.33291222123181e-07,2.33301930406773e-07,2.33296067570692e-07,0.000241138544201037,0.000241601171627754,0.997614371935554,0.000243704031007408,0.000243703942672927,0.000323978448453036,0.000244805703472268,0.000521784274089085,0.000323978761935356,2.33297766792358e-07
0,1.08466054086268e-07,1.22250085615692e-06,1.11304984045134e-07,0.00112492120298401,0.244537653506777,0.736495849211825,0.000300943070201639,0.000300929510264332,0.000302184950342159,0.000302010575797907,0.016046086554138,0.000302207145515513,0.000285772000259755
0,9.85004998515071e-10,9.88364217279716e-07,9.93360934946542e-10,1.99039734286436e-06,0.503938810144283,0.000111339956740064,3.43691729386547e-09,3.43686667754666e-09,3.44364757686712e-09,3.4427262370642e-09,2.39734197270762e-08,3.44380191213209e-09,0.495946827981672
0,2.21831575004723e-07,2.82139429890819e-07,2.2200059760043e-07,0.000284103506544234,0.0116909392676872,0.90911881588706,0.00116963842719637,0.00116962744058783,0.00117064914176481,0.00117050718727648,0.0730415843952325,0.00117066714776783,1.27416272803322e-05
0,1.07634908503078e-06,1.08106478277357e-06,1.0763708360005e-06,0.00110236346640681,0.00220328507916411,0.988303461006327,0.00112192971294694,0.00112192922240144,0.00112197602818177,0.00112196952896383,0.00277569008732984,0.00112197686131514,2.1852222589253e-06
0,3.90014431560113e-08,7.85287737686068e-06,3.90240639865744e-06,0.0061587670130892,0.224499767122773,0.767669622405567,4.51035729036691e-05,4.5067610505157e-05,4.50775543274735e-05,0.000447890906281519,0.000456472534624338,0.000619886701544554,5.50293165317473e-07
0,3.42698682371066e-07,7.83917058581216e-07,5.34739422665355e-07,0.000814153202893653,0.016919869963488,0.959750744036547,0.000440081900931203,0.000440057532087044,0.000440064267871852,0.00623688325850197,0.00624523327294996,0.00871086994602374,3.8126354230925e-07
0,1.93567010514874e-07,2.07114407778395e-07,1.99338034172904e-07,0.00021515450308405,0.000732848801987817,0.650033128878499,0.00139162795224235,0.00139162315657173,0.00139162448814508,0.100845813472436,0.100853849174012,0.143143534505227,1.95048342640765e-07
0,9.42972430562916e-07,9.45644581062503e-07,9.44161116458074e-07,0.000977392645539974,0.00108764306767283,0.979187353161056,0.00102200223826632,0.00102200182976593,0.00102200194464013,0.00467692164452495,0.00467730382720352,0.0063236036897148,9.43173487638328e-07
0,3.98403959501514e-07,3.98911506549193e-07,3.9863036023387e-07,0.000413017708325804,0.00043377023600517,0.994250597168587,0.000421248276970401,0.000421248200014488,0.000421248221656007,0.00110910047618126,0.00110917245283387,0.00141900286661122,3.98446988826699e-07
0,6.77692491633288e-08,6.80916705923602e-08,6.78240813424663e-08,6.35533423077531e-06,8.51324486414174e-06,0.120025576871381,0.00197078938677854,0.00197078658976684,0.00197078736372144,0.26049957923465,0.260507889766397,0.353039450504156,6.80190537747476e-08
0,4.93368675800351e-08,4.93341921047239e-08,4.932689346926e-08,1.24092693303552e-06,1.29662197190448e-06,0.0462057950089567,0.0013370009532704,0.00133699984956451,0.00133700015495409,0.450948459658335,0.450952631671875,0.0478793778125116,4.93436745919847e-08
0,2.33342079844484e-07,0.00697142672226959,0.00337749874743691,0.0161648211312656,0.81655347787822,0.156681698664504,1.17775720406934e-06,1.17758397801021e-06,1.17764659143193e-06,1.39290057365396e-06,1.41753154169482e-06,1.48492973747627e-06,0.000243015164598186
0,6.86274311095532e-07,0.00078802185545875,7.81447010992331e-07,0.00143076473714624,0.953390499615,0.0436608251881035,7.70459330809014e-07,7.70419958577053e-07,7.70434737479603e-07,8.26985766284059e-07,8.33323948066517e-07,8.51161463970804e-07,0.000723598097764195
0,6.63681220108427e-07,0.000696992906657193,6.74545459866008e-07,0.00077908865297331,0.991832177441879,0.00599675025395287,6.72022993328099e-07,6.7201828266484e-07,6.72020051381748e-07,6.78793098350446e-07,6.79552108534008e-07,6.81688590252986e-07,0.000689596422733522
0,4.144794365505e-07,0.000426846821652202,4.15811984051151e-07,0.000437049334677336,0.997617486259476,0.00108919959134849,4.15478862383099e-07,4.15478285554071e-07,4.1547850213672e-07,4.16307875683646e-07,4.16400818013417e-07,4.16662434628439e-07,0.000426091894647235
0,2.14540758099344e-07,0.179542096198175,0.110687394070452,0.188673234105994,0.514222232812888,0.00665558541148707,8.34362451838954e-07,8.34357890866642e-07,8.34359551549393e-07,8.40195542727186e-07,8.40860403311875e-07,8.42690604528161e-07,0.000214216033801412
0,1.75475739077435e-06,1.74586921792872e-06,1.74504605979062e-06,0.0016892497825391,0.00172380524152805,0.840765735932364,0.147073006913553,0.00174822192319655,0.00174822271976724,0.00174822751989092,0.00174831015251898,0.00174822838386792,1.74575810548355e-06
0,1.13306815084143e-08,1.13167164324778e-08,1.13132181406236e-08,1.11376776617982e-05,1.12061367123806e-05,0.510834779075857,0.48817619160036,0.000193327338512499,0.00019332736673676,0.000193327534587564,0.000193330427815816,0.00019332756548223,1.13156583594007e-08
0,4.71792412914127e-08,4.71874017998802e-08,4.71830921675116e-08,9.51129413350898e-08,9.54077011345319e-08,0.00615910623152658,0.993366828019799,9.4737139223127e-05,9.47371454577529e-05,9.47371834347069e-05,9.47378365146141e-05,9.47371901453675e-05,4.7183520565503e-08
0,0.379044255062579,6.83587372051222e-06,6.95410556730254e-06,0.00015325916607972,0.000168087420746539,0.618360741288821,0.000156190457654031,0.00015586751839761,0.000152205726635128,0.000332216805658843,0.00130207565407947,0.000154220760646341,7.09015941484146e-06
0,4.41166368866714e-06,1.14176719838699e-06,1.14108599152814e-06,0.000276712575375459,0.000278721743963534,0.978959839520891,0.000411403809273483,0.000407711509212835,0.000358212750282315,0.00280795108072469,0.0161061224164481,0.000385488575377884,1.14150157215662e-06
0,2.61226190117075e-07,1.68729918363831e-07,1.68737213887494e-07,0.000147006939404542,0.000147064853290863,0.665285179990233,0.00235236999921142,0.00229916410083999,0.00158279591528703,0.0391379700108086,0.287098271301359,0.00194940941440468,1.68781838231671e-07
0,2.23044959742195e-07,2.12131699950623e-07,2.12127873496244e-07,0.000215897204862306,0.000215904343686562,0.746308798062102,0.00524124286030397,0.00491371807265213,0.000502022107201866,0.234783603025389,0.00509835206388793,0.00271960282538245,2.1212999845598e-07
0,4.44011418435387e-09,4.33529409857024e-09,4.33555812054747e-09,3.88170232859668e-06,3.88176949510033e-06,0.542427241141831,0.00945680687575881,0.00883872308249453,0.000518448085266936,0.432344813681811,0.00156545731282575,0.00484072890126555,4.33595604596845e-09
0,2.16330072023378e-08,2.16195089781513e-08,2.16203016506012e-08,2.14024263395311e-05,2.14024358962532e-05,0.631883367005294,0.154574332955496,0.14410064404546,0.00170624172365434,0.0330175955630573,0.000770274149046298,0.033904653201671,2.16212680607326e-08
0,3.53792349123314e-08,3.53681424961692e-08,3.53702806312704e-08,4.30311592346061e-06,4.30311645817746e-06,0.172074448538486,0.409505656479215,0.371540638664223,0.00140347165493944,0.0287949452968426,0.00121937344750335,0.015452718192057,3.53766938103895e-08
0,5.65651205130612e-08,5.65715335946917e-08,5.65681016708421e-08,6.97664754852885e-08,6.97664764464182e-08,0.0088661010462163,0.981997884869468,0.00645557499462641,0.000135150767387957,0.00155771176966137,0.000125666658314867,0.000861544087994588,5.65686230896839e-08
0,2.12073851495129e-08,2.11933468162839e-08,2.11977953249387e-08,2.13102474614344e-05,2.13102492103104e-05,0.586332040439391,0.00650192967501217,0.00613704834302475,0.00904373651896189,0.00401646978507084,0.00051554848426627,0.387410521456648,2.12024265464346e-08
0,4.99154969578676e-08,4.99153324791183e-08,4.99153332592342e-08,5.05415253616244e-05,5.05415254304518e-05,0.956010297748825,0.000271264041087755,0.000258409624893699,0.0379218433855659,0.000287712568166433,6.37476036830307e-05,0.00508544231541924,4.99154043448637e-08
0,2.96227415591004e-10,2.96133520361805e-10,2.96164303809792e-10,2.96806817209168e-07,2.96806817238341e-07,0.504474549742769,2.2414440038579e-05,2.21195375205933e-05,0.495307342381966,2.28100275941161e-05,1.7654243745817e-05,0.000132514828010553,2.96196422615517e-10
0,1.16326521708521e-07,1.16320141869984e-07,1.16319690331212e-07,7.67844172629969e-07,7.67848596193227e-07,0.0828091465608605,0.00371523661462981,0.0034834993721931,0.00033809364965552,0.906861743773068,0.00143554819747486,0.00135473085264261,1.16320353236493e-07
0,6.22263063702029e-07,6.1953102767837e-07,6.19525357182285e-07,0.000633747078908231,0.000633748925671976,0.993194021164635,0.000700069833733292,0.000696163180730152,0.000644636754197021,0.00125912139973027,0.00153625186561168,0.000699758951290263,6.19526043610437e-07
0,1.95905948116071e-07,1.95692474763739e-07,1.95691982824701e-07,0.000198797341013522,0.000198797487760487,0.998271201786718,0.000204043875798082,0.000203733411764238,0.000199638553507861,0.000248518914431463,0.000270467139111035,0.000204018507448313,1.95692041634073e-07
0,7.56830802699136e-07,7.57462262160843e-07,7.56871956001602e-07,2.10312005147034e-06,2.10342598867838e-06,0.106346830270066,0.00178704137953763,0.00177411786415911,0.00160007371792455,0.0108122606569964,0.875984481019999,0.00168796047957797,7.56900678052317e-07
0,4.0267664399235e-06,2.85364712916105e-06,2.85274727931943e-06,0.0027079756240721,0.00270874195093304,0.978112714399303,0.00270231845848063,0.00270220234668843,0.0027006844989734,0.00276495056756489,0.00288616048008786,0.00270166560561775,2.85290743060136e-06
0,0.407753249824442,5.62115788737834e-06,5.71579753918494e-06,0.000517480579279515,0.000529939781925787,0.588152330030821,0.000492457982123031,0.000492401671552167,0.000492173900458227,0.00050271400499485,0.0005577557184966,0.00049229429070727,5.86525977256394e-06
0,0.974352441345554,2.92366920394656e-06,2.59993877999659e-06,0.000153102281087848,0.000154979618216682,0.0244574025357899,0.000144383667756423,0.000144376212374625,0.000144352159183271,0.000145434788265979,0.000150979543788627,0.0001443646691505,2.65957084831185e-06
0,2.86699501646231e-05,2.89168827315282e-05,2.87581296180418e-05,0.0017062297777189,0.000379146594762935,0.996300373124161,0.000669099863516239,0.000163261793700243,0.000163198219779539,0.000164642002567289,0.000170034930771047,0.000169138542697147,2.8530187811614e-05
0,6.48338950354489e-06,6.85169307259231e-06,6.70198918909775e-06,0.00899820337225271,0.0010471780499687,0.988576692210147,0.000230012092044034,0.000208917498689695,0.000208903369375186,0.000217181545505312,0.000243320406382849,0.000243096541535127,6.45784233460113e-06
0,3.65093444275279e-07,8.69578572563901e-07,6.84575388709631e-07,0.0838068543136527,0.00768582498248911,0.907026191428308,0.000278614099445631,9.35186770949217e-05,9.35180147473543e-05,0.000172611334282084,0.000420308314481249,0.000420267793054121,3.717950389427e-07
0,1.32310207990595e-07,1.32535690101949e-06,9.68982357104942e-07,0.239809778248322,0.0217339782735477,0.738053551949047,6.67180883831937e-05,6.65915828450926e-05,6.65914205435269e-05,6.66372370173647e-05,6.67827474216371e-05,6.67805192734369e-05,1.63284133036885e-07
0,1.83271326958124e-07,0.000255255074608297,0.000183462142093877,0.682456392173187,0.0598182544089192,0.257220864911781,1.04569701370959e-05,1.04545324779646e-05,1.04545302008246e-05,1.04554562972713e-05,1.04583849935616e-05,1.04583536049762e-05,2.84979037139362e-06
0,1.54627034253361e-07,0.0010020684102303,0.000146718059072582,0.611030501315753,0.307847627825239,0.0799367360678418,3.85451378679543e-06,3.85442315876809e-06,3.85442307957959e-06,3.85445778857721e-06,3.85456747577058e-06,3.85456638309564e-06,1.30667431565386e-05
0,1.15162709619015e-06,0.00125172507071439,0.00118787683693327,0.970051266485856,0.0157455895362802,0.0117539750144268,1.19772828970131e-06,1.19772100087506e-06,1.19772099755928e-06,1.19772394434425e-06,1.19773321420943e-06,1.19773316778695e-06,1.22906807839786e-06
0,6.26974843509123e-07,0.00128444687876301,3.69269683955135e-06,0.126372205180093,0.838077334329261,0.0335949680921742,1.19165458245699e-06,1.19165295047563e-06,1.19165294910939e-06,1.19165357716582e-06,1.19165556111422e-06,1.19165554224885e-06,0.000659575922863912
0,2.53404141725117e-06,2.73422264811568e-06,2.69622175191242e-06,0.0256164945547762,0.00477386919721266,0.953608963609131,0.00266504185913848,0.00266498675413878,0.00266498668330082,0.00266500663350639,0.00266506999624588,0.00266506902377084,2.54720296172388e-06
0,4.27408630040817e-07,4.27052426945821e-07,4.2696819471924e-07,0.000558334757884401,0.000364917288887069,0.986942154232153,0.002363653694707,0.000387828683132426,0.000387828426158107,0.0012331800183328,0.00388021478186992,0.00388017976999547,4.26917627852041e-07
0,1.94679643618809e-07,1.94636769914466e-07,1.9462111867125e-07,0.000219188014426346,0.000193044500846658,0.964900929232314,0.00082516642691465,0.000353990187952289,0.00035399013070439,0.00381784791417813,0.0146675486677151,0.0146675163683049,1.94619111234192e-07
0,9.55893024714875e-07,9.56066981779549e-07,9.55967013493689e-07,0.00101739974781235,0.00100670611095137,0.989694014588841,0.00312973336759834,0.00100421224050366,0.00100421222783596,0.00102302768516646,0.00105843521821936,0.00105843491823909,9.55967812548484e-07
0,4.07959480778952e-07,4.07994394821957e-07,4.07975303385424e-07,0.000428879895336242,0.000427585825108028,0.989139066995333,0.00784346622947489,0.000428744968548215,0.000428744967008866,0.000431050589902777,0.000435414330483589,0.00043541429382966,4.07975795708561e-07
0,1.21857772575255e-07,1.21862098162852e-07,1.21859730265498e-07,0.000126434964156052,0.000126322162305375,0.973837381528322,0.0252439831501818,0.000132792268919229,0.00013279226877862,0.000133002915683018,0.000133401652735043,0.000133401649386493,1.21859930919509e-07
0,1.35386147774048e-09,1.35571456675755e-09,1.35476808653391e-09,1.23173856480231e-07,1.23167588394071e-07,0.497269963159194,0.502691688656785,7.61617436412055e-06,7.61617436259084e-06,7.61846610392642e-06,7.62280429782768e-06,7.6228042613975e-06,1.35484269926782e-09
0,1.36720521752131e-10,1.36842243260907e-10,1.36773534314526e-10,7.52749081631079e-08,7.52743536237854e-08,0.500327444569445,0.499654154225313,3.64919581389574e-06,3.64919581348953e-06,3.64980439358264e-06,3.65095642110087e-06,3.65095641142672e-06,1.36790252135003e-10
0,1.67731199901313e-07,1.67743613466173e-07,1.6773732745707e-07,0.000175208395261068,0.000175159852931086,0.9984710598682,0.00030121145279447,0.000175220377182921,0.00017522037712512,0.000175306968656083,0.000175470879767996,0.000175470878391495,1.67737548505229e-07
0,5.70676500233024e-07,5.70691401481054e-07,5.70683847984383e-07,0.000586671413411594,0.000586664325544933,0.995288126623706,0.000604763507391988,0.000586281127547842,0.000586281127539407,0.000586293765093031,0.000586317687034846,0.000586317686833954,5.70684146678784e-07
0,5.8402112455401e-07,5.84031125870368e-07,5.84025989567921e-07,0.000593461026537425,0.00059334981375136,0.995240627926552,0.00060325049268192,0.000593127924401844,0.000593127924270487,0.00059332467406723,0.000593697058215579,0.000593697055087747,5.84026194089601e-07
0,7.55289462376861e-08,7.54865874300968e-08,7.54984545326665e-08,7.82655783436367e-05,7.69662346710294e-05,0.731391230161295,0.00329495690609699,0.00139233833841916,0.00139233831024016,0.0287604227130036,0.116806605915481,0.116806573816251,7.55122099692505e-08
0,4.42903796835789e-08,4.425444236293e-08,4.42648715959443e-08,4.60810124595164e-05,4.56948532279502e-05,0.913847826774515,0.00339510667116314,0.000578912882202174,0.000578912873956611,0.0411343995797583,0.0201864470148348,0.0201864412506478,4.42775407401877e-08
0,3.44518166561831e-07,3.44539554180884e-07,3.44528293726611e-07,0.000358901809264404,0.000358788127376049,0.968977595290104,0.0234862521568332,0.000402244610682948,0.000402244609891055,0.00208531267355553,0.00196364158035198,0.00196364102651255,3.44529414171316e-07
0,8.84503333645861e-09,8.84351684576214e-09,8.84379607143674e-09,8.91036648030493e-06,8.91024298214461e-06,0.509374728690687,0.489631981138924,0.000173629359860655,0.000173629359842322,0.000211367964008878,0.000208403756462936,0.000208403743653613,8.84475234681969e-09
0,1.60439994631335e-08,1.6046904725068e-08,1.60453917059312e-08,3.22518579406375e-08,3.22516334615606e-08,0.00188746998252862,0.997942866014382,3.2101529041865e-05,3.21015290403662e-05,3.52661002844135e-05,3.50330802262402e-05,3.50330791783577e-05,1.60455305151174e-08
0,1.01934502291108e-06,1.01936964456324e-06,1.01935717136406e-06,0.00104461161663178,0.00104459508886356,0.990821455474695,0.00116060321085823,0.00104888904261342,0.00104888904250038,0.00128733374875381,0.00126977271226853,0.00126977263321682,1.01935775968705e-06
0,1.29349286052824e-07,1.29469888062701e-07,1.29398136716274e-07,1.78449028076614e-05,1.78236588778206e-05,0.190801062610628,0.00324130535246283,0.00254587104713298,0.00254587102953588,0.0130265059051786,0.393901606661941,0.393901591190482,1.29423641687913e-07
0,1.29906558272366e-06,1.29913262256781e-06,1.29902741834802e-06,0.00139677565643705,0.00133980154438275,0.964532711597388,0.0257884011363993,0.0013821534099147,0.00138215334026734,0.00138501741251234,0.00139389536229976,0.00139389430369694,1.29901107780426e-06
0,4.41343525215033e-07,4.4134611476701e-07,4.41336358119563e-07,0.000462870530589719,0.000457324209296528,0.909329435145165,0.086574488465736,0.000634129845034943,0.000634129835953441,0.000634506703163374,0.000635675019625272,0.000635674881457203,4.41337980192421e-07
0,9.53268851754214e-08,9.5328197356257e-08,9.5321861031543e-08,9.78560107681872e-05,9.75864955289514e-05,0.61933334025318,0.376200268087189,0.000853893411811606,0.000853893408928353,0.000854013063489714,0.000854384001706237,0.000854383957839599,9.5332615542783e-08
0,9.70246856201572e-08,9.71320749095545e-08,9.70780619499872e-08,1.97593963105536e-07,1.97337183691979e-07,0.0163189540004758,0.982706809383105,0.000194668399544613,0.000194668399252672,0.000194680505427965,0.000194718035173496,0.000194718030732186,9.70803192095906e-08
0,5.62694652954127e-07,5.62701291988879e-07,5.62696909974716e-07,0.000575214955200636,0.000574402671481293,0.995232984169384,0.000741361035054918,0.000574683535365048,0.000574683534400559,0.000574723611712011,0.000574847856145701,0.000574847841469659,5.62696931569784e-07
0,6.72141885686842e-07,6.72167699867116e-07,6.72150700491965e-07,0.000688966287806472,0.000685339529149373,0.994472069898759,0.000726278404414021,0.00068460741836828,0.000684607414107573,0.000684783531573024,0.000685329485157486,0.000685329420361289,6.72150017834828e-07
0,3.99439930775947e-06,3.98860552246064e-06,3.987785775754e-06,0.00291326504409525,0.00285760143847904,0.977142614753669,0.00284539623087006,0.00284492424784747,0.00284492122855498,0.00284497689129836,0.00284519134635067,0.00284515002681227,3.98800141699499e-06
0,1.09953112466575e-06,1.0986781465313e-06,1.09853716645911e-06,0.000962449041454962,0.000953886881880159,0.992370652996773,0.000951482359309056,0.000951410003959755,0.000951409541557479,0.000951418096146343,0.000951451033461127,0.000951444705283915,1.09859373672341e-06
0,1.18572485009059e-05,1.18103061941034e-05,1.18034069539624e-05,0.00210167831748146,0.00210943973233582,0.965323709429849,0.0198159843852193,0.0021203227980334,0.00212029940443499,0.00212030893175284,0.00212064835258209,0.00212032993973585,1.1807746926532e-05
0,1.25495050288148e-06,1.25194904286127e-06,1.25159707715708e-06,0.000683419642530349,0.000683884844438703,0.901975547225834,0.0923504164530841,0.000860339594284451,0.000860337753330601,0.000860338529691342,0.000860365324561908,0.000860340265836794,1.25186978446667e-06
0,9.17659699932668e-07,9.16846323731383e-07,9.16715856240007e-07,0.000774765698046641,0.000774904577680277,0.993476127889623,0.00109577115722551,0.00077495141283349,0.000774950974506081,0.000774951159645919,0.000774957540368367,0.000774951573922037,9.16794268816885e-07
0,3.32082749008961e-07,3.3203664000014e-07,3.32029262379972e-07,0.0003277436774972,0.000327751780781389,0.997358303269338,0.000346461925757912,0.000327682167597429,0.000327682142051912,0.000327682152842323,0.000327682524709591,0.000327682176987849,3.32033785257535e-07
0,1.86796013750859e-07,1.86773804208432e-07,1.86769785985713e-07,0.000184266928562902,0.000184270969795297,0.998515970617955,0.000193585650378429,0.000184231711815933,0.000184231699083121,0.00018423170446141,0.000184231889813395,0.000184231716496281,1.8677203449143e-07
0,1.03751972555965e-07,1.03675135622377e-07,1.03657459961071e-07,8.9577533150706e-05,8.95905033252912e-05,0.5654508263354,0.429954740442083,0.000882969022306414,0.000882968606068945,0.000882968781579187,0.000882974839791493,0.000882969174044847,1.03677681841616e-07
